<?xml version="1.0" encoding="UTF-8" ?>
<!DOCTYPE mapper
        PUBLIC "-//mybatis.org//DTD Mapper 3.0//EN"
        "https://mybatis.org/dtd/mybatis-3-mapper.dtd">
<mapper namespace="com.dms.standarddataserver.bulk.word.mapper.BulkWordMapper">

    <resultMap type="com.dms.standarddataserver.bulk.word.dto.WordExcelDataDTO" id="bulkWordMap">
        <id column="DIC_ID" property="dicId"/>
        <result column="subj_area_ID" property="stdAreaId"/>
        <result column="altn_dic_id" property="alternativeDicId"/>
        <result column="dic_clss_cd" property="dicGbnCd"/>
        <result column="DIC_LOG_NM" property="dicLogicalName"/>
        <result column="dic_phys_nm" property="dicPhysicalName"/>
        <result column="dic_phys_full_nm" property="dicPhysicalFullName"/>
        <result column="DIC_DESC" property="dicDescription"/>
        <result column="ett_clss_flg" property="entitySuffix"/>
        <result column="attr_clss_flg" property="attributeSuffix"/>
        <result column="stnd_flg" property="checkedStandard"/>
        <result column="dmn_id" property="domainId"/>
        <result column="AVAL_ST_DT" property="availableStartDate"/>
        <result column="AVAL_END_DT" property="availableEndDate"/>
    </resultMap>

    <resultMap type="com.dms.standarddataserver.bulk.word.dto.BulkWordDataDTO" id="bulkWordDataMap">
        <id column="DIC_ID" property="dicId"/>
        <result column="subj_area_ID" property="stdAreaId"/>
        <result column="altn_dic_id" property="alternativeDicId"/>
        <result column="dic_clss_cd" property="dicGbnCd"/>
        <result column="DIC_LOG_NM" property="dicLogicalName"/>
        <result column="dic_phys_nm" property="dicPhysicalName"/>
        <result column="dic_phys_full_nm" property="dicPhysicalFullName"/>
        <result column="DIC_DESC" property="dicDescription"/>
        <result column="ett_clss_flg" property="entitySuffix"/>
        <result column="attr_clss_flg" property="attributeSuffix"/>
        <result column="stnd_flg" property="checkedStandard"/>
        <result column="dmn_id" property="domainId"/>
        <result column="AVAL_ST_DT" property="availableStartDate"/>
        <result column="AVAL_END_DT" property="availableEndDate"/>
    </resultMap>

    <select id="isDuplicatedInLogicalName" resultType="int">
        select count(*)
        from std_dict
        where DIC_LOG_NM = #{dicLogicalName}
        and subj_area_ID = #{stdAreaId}
    </select>

    <select id="isDuplicatedInPhysicalName" resultType="int">
        select count(*)
        from std_dict
        where dic_phys_nm = #{dicPhysicalName}
        and subj_area_ID = #{stdAreaId}
    </select>

    <select id="validateDuplicatedInSynonym" resultType="String">
        select stnd_flg
        from std_dict
        where DIC_LOG_NM = #{dicLogicalName}
        and subj_area_ID = #{stdAreaId}
    </select>

    <insert id="insertBulkWord" parameterType="com.dms.standarddataserver.bulk.word.dto.BulkWordDataDTO">
        insert into std_dict (
        DIC_ID,
        subj_area_ID,
        altn_dic_id,
        dic_clss_cd,
        DIC_LOG_NM,
        dic_phys_nm,
        dic_phys_full_nm,
        DIC_DESC,
        ett_clss_flg,
        attr_clss_flg,
        stnd_flg
        )
        VALUES (
        #{dicId, jdbcType=VARCHAR},
        #{stdAreaId, jdbcType=VARCHAR},
        #{alternativeDicId, jdbcType=VARCHAR},
        #{dicGbnCd, jdbcType=VARCHAR},
        #{dicLogicalName, jdbcType=VARCHAR},
        #{dicPhysicalName, jdbcType=VARCHAR},
        #{dicPhysicalFullName, jdbcType=VARCHAR},
        #{dicDescription, jdbcType=VARCHAR},
        #{entitySuffix, jdbcType=VARCHAR},
        #{attributeSuffix, jdbcType=VARCHAR},
        #{checkedStandard, jdbcType=VARCHAR}
        )
    </insert>

</mapper>