<?xml version="1.0" encoding="UTF-8" ?>
<!DOCTYPE mapper
        PUBLIC "-//mybatis.org//DTD Mapper 3.0//EN"
        "https://mybatis.org/dtd/mybatis-3-mapper.dtd"
        >

<mapper namespace="com.dms.datamodelmanagementserver.single.term.mapper.TermMapper">

    <!-- <insert id="singleTermInsert" parameterType="java.util.List">
        INSERT ALL
        <foreach collection="termDTOList" item="termDTO" separator=" ">
            INTO STD_TERM (TERM_ID, ord_no, DIC_ID)
            VALUES (#{termDTO.termId, jdbcType=VARCHAR}, #{termDTO.orderNo, jdbcType=INTEGER}, #{termDTO.dicId, jdbcType=VARCHAR})
        </foreach>
        SELECT * FROM DUAL
    </insert> -->

	<insert id="singleTermInsert" parameterType="java.util.List">
	    INSERT INTO STD_TERM (subj_area_id, TERM_ID, ord_no, DIC_ID)
	    VALUES
	    <foreach collection="termDTOList" item="termDTO" separator=",">
	        (#{termDTO.subjAreaId, jdbcType=VARCHAR}, #{termDTO.termId, jdbcType=VARCHAR}, #{termDTO.orderNo, jdbcType=INTEGER}, #{termDTO.dicId, jdbcType=VARCHAR})
	    </foreach>
	    ON CONFLICT (subj_area_id, TERM_ID, ord_no) DO NOTHING
	</insert>

</mapper>
