<?xml version="1.0" encoding="UTF-8" ?>
<!DOCTYPE mapper
        PUBLIC "-//mybatis.org//DTD Mapper 3.0//EN"
        "https://mybatis.org/dtd/mybatis-3-mapper.dtd">
<!-- resources/mapper/StandardAreaDeleteMapper.xml -->
<mapper namespace="com.dms.standarddataserver.standardArea.mapper.StandardAreaDeleteMapper">

    <delete id="delete" parameterType="com.dms.standarddataserver.standardArea.dto.StandardAreaDTO">
        DELETE FROM subj_area
        WHERE subj_area_NM = #{standardAreaDTO.stdAreaNm}
    </delete>

    <delete id="deletsDomain" parameterType="com.dms.standarddataserver.standardArea.dto.StandardAreaDTO">
        DELETE FROM std_dom
        WHERE subj_area_id = #{standardAreaDTO.stdAreaId}
    </delete>

    <delete id="deletsDict" parameterType="com.dms.standarddataserver.standardArea.dto.StandardAreaDTO">
        DELETE FROM std_dict
        WHERE subj_area_id = #{standardAreaDTO.stdAreaId}
    </delete>

    <delete id="deletsTerm" parameterType="com.dms.standarddataserver.standardArea.dto.StandardAreaDTO">
        DELETE FROM std_term
        WHERE subj_area_id = #{standardAreaDTO.stdAreaId}
    </delete>
    
    
    
    
    
    
    
</mapper>
