<?xml version="1.0" encoding="UTF-8" ?>
<!DOCTYPE mapper
        PUBLIC "-//mybatis.org//DTD Mapper 3.0//EN"
        "https://mybatis.org/dtd/mybatis-3-mapper.dtd">
<mapper namespace="com.dms.datamodelmanagementserver.standardArea.mapper.StandardAreaSelectOneMapper">
    <resultMap id="standardAreaDTO" type="com.dms.datamodelmanagementserver.standardArea.dto.StandardAreaDTO">
        <result property="stdAreaId" column="subj_area_ID"/>
        <result property="stdAreaNm" column="subj_area_NM"/>
        <result property="stdAreaDesc" column="subj_area_DESC"/>
        <result property="avalStDt" column="AVAL_ST_DT"/>
        <result property="avalEndDt" column="AVAL_END_DT"/>
    </resultMap>

    <select id="selectOne" resultMap="standardAreaDTO">
        SELECT *
        FROM subj_area
        WHERE subj_area_NM = #{standardAreaName}
    </select>

</mapper>